[INFO] Scheduler inicializado con 0 actividad(es) pendiente(s),[01/Mar/2026 09:11:01],
[INFO] Actividad omitida al iniciar porque ya estaba completada: NSync,[01/Mar/2026 09:11:01],
[INFO] Scheduler inicializado con 0 actividad(es) pendiente(s),[01/Mar/2026 09:11:01],
[INFO] Actividad omitida al iniciar porque ya estaba completada: NSync,[01/Mar/2026 09:11:01],
[INFO] Scheduler inicializado con 0 actividad(es) pendiente(s),[01/Mar/2026 09:11:01],
[INFO] Actividad omitida al iniciar porque ya estaba completada: NSync,[01/Mar/2026 09:11:01],
[INFO] Scheduler inicializado con 0 actividad(es) pendiente(s),[01/Mar/2026 09:10:58],
[INFO] Actividad omitida al iniciar porque ya estaba completada: NSync,[01/Mar/2026 09:10:58],
[INFO] Scheduler detenido por stop_event,[01/Mar/2026 09:10:57],
[INFO] Scheduler inicializado con 1 actividad(es) pendiente(s),[01/Mar/2026 09:10:50],
