[SUCCESS] El servidor ha sido inicializado exitosamente...,[17/Feb/2026 12:41:03],
[INFO] Scheduler iniciado en proceso PID=88071,[17/Feb/2026 12:41:03],
[INFO] Iniciando servidor...,[17/Feb/2026 12:41:03],
[SUCCESS] El servidor ha sido inicializado exitosamente...,[17/Feb/2026 12:40:59],
[INFO] Scheduler iniciado en proceso PID=88018,[17/Feb/2026 12:40:59],
[INFO] Iniciando servidor...,[17/Feb/2026 12:40:59],
[SUCCESS] El servidor ha sido inicializado exitosamente...,[17/Feb/2026 12:32:46],
[INFO] Iniciando servidor...,[17/Feb/2026 12:32:46],
[SUCCESS] El servidor ha sido inicializado exitosamente,[17/Feb/2026 12:32:35],
[INFO] Iniciando servidor...,[17/Feb/2026 12:32:35],
[SUCCESS] El servidor ha sido inicializado con é,[17/Feb/2026 12:32:29],
[INFO] Iniciando servidor...,[17/Feb/2026 12:32:29],
[SUCCESS] El servidor ha sido inicializado,[17/Feb/2026 12:32:25],
[INFO] Iniciando servidor...,[17/Feb/2026 12:32:25],
[INFO] Iniciando servidor...,[17/Feb/2026 12:32:15],
[INFO] Iniciando servidor...,[17/Feb/2026 12:32:09],
[INFO] Iniciando servidor...,[17/Feb/2026 12:32:08],
[INFO] Iniciando servidor...,[17/Feb/2026 12:32:06],
[INFO] Iniciando servidor...,[17/Feb/2026 12:30:19],
[INFO] Iniciando servidor...,[17/Feb/2026 12:30:15],
[INFO] Iniciando servidor...,[17/Feb/2026 12:30:05],
[INFO] Iniciando servidor...,[17/Feb/2026 12:30:03],
[INFO] Iniciando servidor...,[17/Feb/2026 12:29:55],
[INFO] Iniciando servidor...,[17/Feb/2026 12:29:53],
[INFO] Iniciando servidor...,[17/Feb/2026 12:29:33],
